<?xml version="1.0" encoding="UTF-8"?>
<metadata xml:lang="en"><Esri><CreaDate>20170310</CreaDate><CreaTime>14011600</CreaTime><ArcGISFormat>1.0</ArcGISFormat><SyncOnce>TRUE</SyncOnce><DataProperties><lineage><Process ToolSource="c:\program files (x86)\arcgis\desktop10.3\ArcToolbox\Toolboxes\Data Management Tools.tbx\CalculateField" Date="20170214" Time="112423">CalculateField "Historic Highways Routes" ATLAS_NUM "4500000000 + [OBJECTID]" VB #</Process></lineage></DataProperties></Esri></metadata>
